{"display":{"head":{"translation":[-32,32,-32],"scale":[4,4,4],"rotation":[0,180,0]}},"textures":{"0":"dmodels/battle_bus/battle_bus_texture"},"elements":[{"name":"cube326","from":[-0.90625,0.71875,-3.21875],"to":[-0.53125,1.09375,-2.53125],"faces":{"west":{"uv":[12.140625,0.296875,12.3125,0.390625],"texture":"#0","tintindex":0},"east":{"uv":[11.875,0.296875,12.046875,0.390625],"texture":"#0","tintindex":0},"up":{"uv":[12.140625,0.296875,12.046875,0.125],"texture":"#0","tintindex":0},"south":{"uv":[12.3125,0.296875,12.40625,0.390625],"texture":"#0","tintindex":0},"down":{"uv":[12.234375,0.125,12.140625,0.296875],"texture":"#0","tintindex":0},"north":{"uv":[12.046875,0.296875,12.140625,0.390625],"texture":"#0","tintindex":0}},"rotation":{"axis":"y","angle":0,"origin":[-1.25,-5.5,3.34375]}}]}