{"display":{"head":{"translation":[-32,32,-32],"scale":[4,4,4],"rotation":[0,180,0]}},"textures":{"0":"dmodels/battle_bus/battle_bus_texture"},"elements":[{"name":"cube315","from":[-0.0625,-0.125,-0.13124999999999998],"to":[0.0625,0,0.11875000000000002],"faces":{"west":{"uv":[3.453125,9.796875,3.515625,9.828125],"texture":"#0","tintindex":0},"east":{"uv":[3.359375,9.796875,3.421875,9.828125],"texture":"#0","tintindex":0},"up":{"uv":[3.453125,9.796875,3.421875,9.734375],"texture":"#0","tintindex":0},"south":{"uv":[3.515625,9.796875,3.546875,9.828125],"texture":"#0","tintindex":0},"down":{"uv":[3.484375,9.734375,3.453125,9.796875],"texture":"#0","tintindex":0},"north":{"uv":[3.421875,9.796875,3.453125,9.828125],"texture":"#0","tintindex":0}},"rotation":{"axis":"y","angle":0,"origin":[1,-2.09375,0.5]}}]}