{"display":{"head":{"translation":[-32,32,-32],"scale":[4,4,4],"rotation":[0,180,0]}},"textures":{"0":"dmodels/battle_bus/battle_bus_texture"},"elements":[{"name":"cube81","from":[-0.09375,-0.15625,-0.125],"to":[0.09375,0.15625,0.125],"faces":{"west":{"uv":[2.734375,1.40625,2.796875,1.484375],"texture":"#0","tintindex":0},"east":{"uv":[2.625,1.40625,2.6875,1.484375],"texture":"#0","tintindex":0},"up":{"uv":[2.734375,1.40625,2.6875,1.34375],"texture":"#0","tintindex":0},"south":{"uv":[2.796875,1.40625,2.84375,1.484375],"texture":"#0","tintindex":0},"down":{"uv":[2.78125,1.34375,2.734375,1.40625],"texture":"#0","tintindex":0},"north":{"uv":[2.6875,1.40625,2.734375,1.484375],"texture":"#0","tintindex":0}},"rotation":{"axis":"y","angle":0,"origin":[-1.78125,-1.46875,3.1875]}}]}