{"display":{"head":{"translation":[-32,32,-32],"scale":[4,4,4],"rotation":[0,180,0]}},"textures":{"0":"dmodels/battle_bus/battle_bus_texture"},"elements":[{"name":"cube279","from":[-0.109375,-0.125,-0.125],"to":[0.109375,0.8125,0.125],"faces":{"west":{"uv":[0.390625,12.0625,0.328125,12.296875],"texture":"#0","tintindex":0},"east":{"uv":[0.5,12.0625,0.4375,12.296875],"texture":"#0","tintindex":0},"up":{"uv":[0.390625,12.0625,0.4375,12],"texture":"#0","tintindex":0},"south":{"uv":[0.546875,12.0625,0.5,12.296875],"texture":"#0","tintindex":0},"down":{"uv":[0.4375,12,0.484375,12.0625],"texture":"#0","tintindex":0},"north":{"uv":[0.4375,12.0625,0.390625,12.296875],"texture":"#0","tintindex":0}},"rotation":{"axis":"y","angle":0,"origin":[-1.90625,-6.71875,-4.3125]}}]}