{"display":{"head":{"translation":[-32,32,-32],"scale":[4,4,4],"rotation":[0,180,0]}},"textures":{"0":"dmodels/battle_bus/battle_bus_texture"},"elements":[{"name":"cube249","from":[0,0,-0.8125],"to":[1.25,0,0.8125],"faces":{"west":{"uv":[2.09375,1.171875,2.5,1.171875],"texture":"#0","tintindex":0},"east":{"uv":[1.375,1.171875,1.78125,1.171875],"texture":"#0","tintindex":0},"up":{"uv":[2.09375,1.171875,1.78125,0.765625],"texture":"#0","tintindex":0},"south":{"uv":[2.5,1.171875,2.8125,1.171875],"texture":"#0","tintindex":0},"down":{"uv":[2.40625,0.765625,2.09375,1.171875],"texture":"#0","tintindex":0},"north":{"uv":[1.78125,1.171875,2.09375,1.171875],"texture":"#0","tintindex":0}},"rotation":{"axis":"y","angle":0,"origin":[-3.0625,-7,-5]}}]}