{"display":{"head":{"translation":[-32,32,-32],"scale":[4,4,4],"rotation":[0,180,0]}},"textures":{"0":"dmodels/battle_bus/battle_bus_texture"},"elements":[{"name":"cube108","from":[-0.21875,-3.6535861716645535,-0.4399109234475114],"to":[0.21875,-2.7160861716645535,0.4350890765524889],"faces":{"west":{"uv":[4.375,11.296875,4.59375,11.53125],"texture":"#0","tintindex":0},"east":{"uv":[4.046875,11.296875,4.265625,11.53125],"texture":"#0","tintindex":0},"up":{"uv":[4.375,11.296875,4.265625,11.078125],"texture":"#0","tintindex":0},"south":{"uv":[4.59375,11.296875,4.703125,11.53125],"texture":"#0","tintindex":0},"down":{"uv":[4.484375,11.078125,4.375,11.296875],"texture":"#0","tintindex":0},"north":{"uv":[4.265625,11.296875,4.375,11.53125],"texture":"#0","tintindex":0}},"rotation":{"axis":"y","angle":0,"origin":[-2.3125,-2.96875,-0.53125]}}]}