{"display":{"head":{"translation":[-32,32,-32],"scale":[4,4,4],"rotation":[0,180,0]}},"textures":{"0":"dmodels/battle_bus/battle_bus_texture"},"elements":[{"name":"cube167","from":[-0.21875,-3.2785861716645535,-0.4350890765524884],"to":[0.21875,-2.3410861716645535,0.4399109234475116],"faces":{"west":{"uv":[11.15625,0.90625,10.9375,1.140625],"texture":"#0","tintindex":0},"east":{"uv":[11.484375,0.90625,11.265625,1.140625],"texture":"#0","tintindex":0},"up":{"uv":[11.15625,0.90625,11.265625,0.6875],"texture":"#0","tintindex":0},"south":{"uv":[11.59375,0.90625,11.484375,1.140625],"texture":"#0","tintindex":0},"down":{"uv":[11.265625,0.6875,11.375,0.90625],"texture":"#0","tintindex":0},"north":{"uv":[11.265625,0.90625,11.15625,1.140625],"texture":"#0","tintindex":0}},"rotation":{"axis":"y","angle":0,"origin":[2.3125,-2.96875,-8.65625]}}]}