{"display":{"head":{"translation":[-32,32,-32],"scale":[4,4,4],"rotation":[0,180,0]}},"textures":{"0":"dmodels/battle_bus/battle_bus_texture"},"elements":[{"name":"cube267","from":[-0.75,-0.59375,0.03125],"to":[0.5,0.34375,0.59375],"faces":{"west":{"uv":[2.140625,10.859375,2.28125,11.09375],"texture":"#0","tintindex":0},"east":{"uv":[1.6875,10.859375,1.828125,11.09375],"texture":"#0","tintindex":0},"up":{"uv":[2.140625,10.859375,1.828125,10.71875],"texture":"#0","tintindex":0},"south":{"uv":[2.28125,10.859375,2.59375,11.09375],"texture":"#0","tintindex":0},"down":{"uv":[2.453125,10.71875,2.140625,10.859375],"texture":"#0","tintindex":0},"north":{"uv":[1.828125,10.859375,2.140625,11.09375],"texture":"#0","tintindex":0}},"rotation":{"axis":"y","angle":0,"origin":[-0.40625,-1.59375,0.84375]}}]}