{"display":{"head":{"translation":[-32,32,-32],"scale":[4,4,4],"rotation":[0,180,0]}},"textures":{"0":"dmodels/battle_bus/battle_bus_texture"},"elements":[{"name":"cube4","from":[-1.36875,0.625,-0.90625],"to":[1.49375,1,1.46875],"faces":{"west":{"uv":[3.9375,9.625,4.53125,9.71875],"texture":"#0","tintindex":0},"east":{"uv":[2.640625,9.625,3.234375,9.71875],"texture":"#0","tintindex":0},"up":{"uv":[3.9375,9.625,3.234375,9.03125],"texture":"#0","tintindex":0},"south":{"uv":[4.53125,9.625,5.234375,9.71875],"texture":"#0","tintindex":0},"down":{"uv":[4.640625,9.03125,3.9375,9.625],"texture":"#0","tintindex":0},"north":{"uv":[3.234375,9.625,3.9375,9.71875],"texture":"#0","tintindex":0}},"rotation":{"axis":"y","angle":0,"origin":[0.0625,-0.8143445003256113,2.783476902159933]}}]}