{"display":{"head":{"translation":[-32,32,-32],"scale":[4,4,4],"rotation":[0,180,0]}},"textures":{"0":"dmodels/battle_bus/battle_bus_texture"},"elements":[{"name":"cube89","from":[-0.0625,-0.21875,-0.0625],"to":[0.0625,0.34375,0.0625],"faces":{"west":{"uv":[1.15625,0.65625,1.1875,0.796875],"texture":"#0","tintindex":0},"east":{"uv":[1.09375,0.65625,1.125,0.796875],"texture":"#0","tintindex":0},"up":{"uv":[1.15625,0.65625,1.125,0.625],"texture":"#0","tintindex":0},"south":{"uv":[1.1875,0.65625,1.21875,0.796875],"texture":"#0","tintindex":0},"down":{"uv":[1.1875,0.625,1.15625,0.65625],"texture":"#0","tintindex":0},"north":{"uv":[1.125,0.65625,1.15625,0.796875],"texture":"#0","tintindex":0}},"rotation":{"axis":"y","angle":0,"origin":[1.78125,-1.84375,3.1875]}}]}