{"display":{"head":{"translation":[-32,32,-32],"scale":[4,4,4],"rotation":[0,180,0]}},"textures":{"0":"dmodels/battle_bus/battle_bus_texture"},"elements":[{"name":"cube121","from":[-0.203125,-2.4660861716645535,-0.3725890765524884],"to":[0.171875,-0.9035861716645526,0.3774109234475116],"faces":{"west":{"uv":[0.28125,4.796875,0.46875,5.1875],"texture":"#0","tintindex":0},"east":{"uv":[0,4.796875,0.1875,5.1875],"texture":"#0","tintindex":0},"up":{"uv":[0.28125,4.796875,0.1875,4.609375],"texture":"#0","tintindex":0},"south":{"uv":[0.46875,4.796875,0.5625,5.1875],"texture":"#0","tintindex":0},"down":{"uv":[0.375,4.609375,0.28125,4.796875],"texture":"#0","tintindex":0},"north":{"uv":[0.1875,4.796875,0.28125,5.1875],"texture":"#0","tintindex":0}},"rotation":{"axis":"y","angle":0,"origin":[-2.3125,-2.96875,-8.65625]}}]}