{"display":{"head":{"translation":[-32,32,-32],"scale":[4,4,4],"rotation":[0,180,0]}},"textures":{"0":"dmodels/battle_bus/battle_bus_texture"},"elements":[{"name":"cube177","from":[-0.21875,-0.9660861716645536,-0.4399109234475114],"to":[0.21875,-0.028586171664552573,0.4350890765524889],"faces":{"west":{"uv":[11.171875,6.171875,11.390625,6.40625],"texture":"#0","tintindex":0},"east":{"uv":[10.84375,6.171875,11.0625,6.40625],"texture":"#0","tintindex":0},"up":{"uv":[11.171875,6.171875,11.0625,5.953125],"texture":"#0","tintindex":0},"south":{"uv":[11.390625,6.171875,11.5,6.40625],"texture":"#0","tintindex":0},"down":{"uv":[11.28125,5.953125,11.171875,6.171875],"texture":"#0","tintindex":0},"north":{"uv":[11.0625,6.171875,11.171875,6.40625],"texture":"#0","tintindex":0}},"rotation":{"axis":"y","angle":0,"origin":[2.3125,-2.96875,-0.53125]}}]}