{"display":{"head":{"translation":[-32,32,-32],"scale":[4,4,4],"rotation":[0,180,0]}},"textures":{"0":"dmodels/battle_bus/battle_bus_texture"},"elements":[{"name":"cube7","from":[1.25,0.1875,-3.5625],"to":[2,1.25,-1.625],"faces":{"west":{"uv":[2.046875,0.484375,2.53125,0.75],"texture":"#0","tintindex":0},"east":{"uv":[1.375,0.484375,1.859375,0.75],"texture":"#0","tintindex":0},"up":{"uv":[2.046875,0.484375,1.859375,0],"texture":"#0","tintindex":0},"south":{"uv":[2.53125,0.484375,2.71875,0.75],"texture":"#0","tintindex":0},"down":{"uv":[2.234375,0,2.046875,0.484375],"texture":"#0","tintindex":0},"north":{"uv":[1.859375,0.484375,2.046875,0.75],"texture":"#0","tintindex":0}},"rotation":{"axis":"y","angle":0,"origin":[0.22096856788023625,-0.5968424596953877,0]}}]}