{"display":{"head":{"translation":[-32,32,-32],"scale":[4,4,4],"rotation":[0,180,0]}},"textures":{"0":"dmodels/battle_bus/battle_bus_texture"},"elements":[{"name":"cube8","from":[-0.34375,-0.25,-0.09375],"to":[0.34375,0.1875,0.21875],"faces":{"west":{"uv":[10.765625,7,10.84375,7.109375],"texture":"#0","tintindex":0},"east":{"uv":[10.515625,7,10.59375,7.109375],"texture":"#0","tintindex":0},"up":{"uv":[10.765625,7,10.59375,6.921875],"texture":"#0","tintindex":0},"south":{"uv":[10.84375,7,11.015625,7.109375],"texture":"#0","tintindex":0},"down":{"uv":[10.9375,6.921875,10.765625,7],"texture":"#0","tintindex":0},"north":{"uv":[10.59375,7,10.765625,7.109375],"texture":"#0","tintindex":0}},"rotation":{"axis":"y","angle":0,"origin":[1.40625,-1.125,3.78125]}}]}