{"display":{"head":{"translation":[-32,32,-32],"scale":[4,4,4],"rotation":[0,180,0]}},"textures":{"0":"dmodels/battle_bus/battle_bus_texture"},"elements":[{"name":"cube9","from":[-0.34375,-0.25,-0.09375],"to":[0.34375,0.1875,0.21875],"faces":{"west":{"uv":[10.34375,2.625,10.265625,2.734375],"texture":"#0","tintindex":0},"east":{"uv":[10.59375,2.625,10.515625,2.734375],"texture":"#0","tintindex":0},"up":{"uv":[10.34375,2.625,10.515625,2.546875],"texture":"#0","tintindex":0},"south":{"uv":[10.765625,2.625,10.59375,2.734375],"texture":"#0","tintindex":0},"down":{"uv":[10.515625,2.546875,10.6875,2.625],"texture":"#0","tintindex":0},"north":{"uv":[10.515625,2.625,10.34375,2.734375],"texture":"#0","tintindex":0}},"rotation":{"axis":"y","angle":0,"origin":[-1.40625,-1.125,3.78125]}}]}