{"display":{"head":{"translation":[-32,32,-32],"scale":[4,4,4],"rotation":[0,180,0]}},"textures":{"0":"dmodels/battle_bus/battle_bus_texture"},"elements":[{"name":"cube6","from":[-2,0.1875,-3.5625],"to":[-1.25,1.25,-1.625],"faces":{"west":{"uv":[2.015625,3.59375,2.5,3.859375],"texture":"#0","tintindex":0},"east":{"uv":[1.34375,3.59375,1.828125,3.859375],"texture":"#0","tintindex":0},"up":{"uv":[2.015625,3.59375,1.828125,3.109375],"texture":"#0","tintindex":0},"south":{"uv":[2.5,3.59375,2.6875,3.859375],"texture":"#0","tintindex":0},"down":{"uv":[2.203125,3.109375,2.015625,3.59375],"texture":"#0","tintindex":0},"north":{"uv":[1.828125,3.59375,2.015625,3.859375],"texture":"#0","tintindex":0}},"rotation":{"axis":"y","angle":0,"origin":[-0.22096856788023625,-0.5968424596953877,0]}}]}