{"display":{"head":{"translation":[-32,32,-32],"scale":[4,4,4],"rotation":[0,180,0]}},"textures":{"0":"dmodels/battle_bus/battle_bus_texture"},"elements":[{"name":"cube176","from":[-0.171875,-2.7785861716645535,-0.3774109234475114],"to":[0.203125,-0.9035861716645526,0.37258907655248874],"faces":{"west":{"uv":[4.609375,6.203125,4.796875,6.671875],"texture":"#0","tintindex":0},"east":{"uv":[4.328125,6.203125,4.515625,6.671875],"texture":"#0","tintindex":0},"up":{"uv":[4.609375,6.203125,4.515625,6.015625],"texture":"#0","tintindex":0},"south":{"uv":[4.796875,6.203125,4.890625,6.671875],"texture":"#0","tintindex":0},"down":{"uv":[4.703125,6.015625,4.609375,6.203125],"texture":"#0","tintindex":0},"north":{"uv":[4.515625,6.203125,4.609375,6.671875],"texture":"#0","tintindex":0}},"rotation":{"axis":"y","angle":0,"origin":[2.3125,-2.96875,-0.53125]}}]}