{"display":{"head":{"translation":[-32,32,-32],"scale":[4,4,4],"rotation":[0,180,0]}},"textures":{"0":"dmodels/battle_bus/battle_bus_texture"},"elements":[{"name":"cube55","from":[-0.21875,-0.21875,-0.0625],"to":[0.21875,0.21875,0.0625],"faces":{"west":{"uv":[0.390625,9.0625,0.359375,9.171875],"texture":"#0","tintindex":0},"east":{"uv":[0.53125,9.0625,0.5,9.171875],"texture":"#0","tintindex":0},"up":{"uv":[0.390625,9.0625,0.5,9.03125],"texture":"#0","tintindex":0},"south":{"uv":[0.640625,9.0625,0.53125,9.171875],"texture":"#0","tintindex":0},"down":{"uv":[0.5,9.03125,0.609375,9.0625],"texture":"#0","tintindex":0},"north":{"uv":[0.5,9.0625,0.390625,9.171875],"texture":"#0","tintindex":0}},"rotation":{"axis":"y","angle":0,"origin":[1.15625,-3.96875,-10.03125]}}]}