{"display":{"head":{"translation":[-32,32,-32],"scale":[4,4,4],"rotation":[0,180,0]}},"textures":{"0":"dmodels/battle_bus/battle_bus_texture"},"elements":[{"name":"cube119","from":[0.21875,-0.6848361716645526,-0.2475890765524884],"to":[0.34375,-0.18483617166455257,0.2524109234475116],"faces":{"west":{"uv":[7.234375,6.140625,7.359375,6.265625],"texture":"#0","tintindex":0},"east":{"uv":[7.078125,6.140625,7.203125,6.265625],"texture":"#0","tintindex":0},"up":{"uv":[7.234375,6.140625,7.203125,6.015625],"texture":"#0","tintindex":0},"south":{"uv":[7.359375,6.140625,7.390625,6.265625],"texture":"#0","tintindex":0},"down":{"uv":[7.265625,6.015625,7.234375,6.140625],"texture":"#0","tintindex":0},"north":{"uv":[7.203125,6.140625,7.234375,6.265625],"texture":"#0","tintindex":0}},"rotation":{"axis":"y","angle":0,"origin":[-2.3125,-2.96875,-8.65625]}}]}