{"display":{"head":{"translation":[-32,32,-32],"scale":[4,4,4],"rotation":[0,180,0]}},"textures":{"0":"dmodels/battle_bus/battle_bus_texture"},"elements":[{"name":"cube222","from":[-0.21875,-0.1875,-0.21875],"to":[0.21875,0.1875,0.21875],"faces":{"west":{"uv":[10.390625,9.703125,10.5,9.796875],"texture":"#0","tintindex":0},"east":{"uv":[10.171875,9.703125,10.28125,9.796875],"texture":"#0","tintindex":0},"up":{"uv":[10.390625,9.703125,10.28125,9.59375],"texture":"#0","tintindex":0},"south":{"uv":[10.5,9.703125,10.609375,9.796875],"texture":"#0","tintindex":0},"down":{"uv":[10.5,9.59375,10.390625,9.703125],"texture":"#0","tintindex":0},"north":{"uv":[10.28125,9.703125,10.390625,9.796875],"texture":"#0","tintindex":0}},"rotation":{"axis":"y","angle":0,"origin":[-1.15625,-5.96875,-5.59375]}}]}