{"display":{"head":{"translation":[-32,32,-32],"scale":[4,4,4],"rotation":[0,180,0]}},"textures":{"0":"dmodels/battle_bus/battle_bus_texture"},"elements":[{"name":"cube85","from":[-2.220446049250313e-16,-0.40625,-0.0625],"to":[-2.220446049250313e-16,0.53125,0.4375],"faces":{"west":{"uv":[7.484375,10.203125,7.359375,10.4375],"texture":"#0","tintindex":0},"east":{"uv":[7.359375,10.203125,7.484375,10.4375],"texture":"#0","tintindex":0},"up":{"uv":[7.484375,10.203125,7.484375,10.078125],"texture":"#0","tintindex":0},"south":{"uv":[7.609375,10.203125,7.609375,10.4375],"texture":"#0","tintindex":0},"down":{"uv":[7.484375,10.078125,7.484375,10.203125],"texture":"#0","tintindex":0},"north":{"uv":[7.484375,10.203125,7.484375,10.4375],"texture":"#0","tintindex":0}},"rotation":{"axis":"y","angle":0,"origin":[-1.5479081984570753,-1.65625,3.6253186694699617]}}]}