{"display":{"head":{"translation":[-32,32,-32],"scale":[4,4,4],"rotation":[0,180,0]}},"textures":{"0":"dmodels/battle_bus/battle_bus_texture"},"elements":[{"name":"cube275","from":[0.15625,-1.0625,0.5625],"to":[1.15625,-0.8125,0.8125],"faces":{"west":{"uv":[0.328125,11.90625,0.390625,11.96875],"texture":"#0","tintindex":0},"east":{"uv":[0.015625,11.90625,0.078125,11.96875],"texture":"#0","tintindex":0},"up":{"uv":[0.328125,11.90625,0.078125,11.84375],"texture":"#0","tintindex":0},"south":{"uv":[0.390625,11.90625,0.640625,11.96875],"texture":"#0","tintindex":0},"down":{"uv":[0.578125,11.84375,0.328125,11.90625],"texture":"#0","tintindex":0},"north":{"uv":[0.078125,11.90625,0.328125,11.96875],"texture":"#0","tintindex":0}},"rotation":{"axis":"y","angle":0,"origin":[2.875,-7.65625,-5.25]}}]}