{"display":{"head":{"translation":[-32,32,-32],"scale":[4,4,4],"rotation":[0,180,0]}},"textures":{"0":"dmodels/battle_bus/battle_bus_texture"},"elements":[{"name":"cube193","from":[-0.75,-0.09375,-0.28125],"to":[0.75,0.09375,0.28125],"faces":{"west":{"uv":[0.515625,5.890625,0.65625,5.9375],"texture":"#0","tintindex":0},"east":{"uv":[0,5.890625,0.140625,5.9375],"texture":"#0","tintindex":0},"up":{"uv":[0.515625,5.890625,0.140625,5.75],"texture":"#0","tintindex":0},"south":{"uv":[0.65625,5.890625,1.03125,5.9375],"texture":"#0","tintindex":0},"down":{"uv":[0.890625,5.75,0.515625,5.890625],"texture":"#0","tintindex":0},"north":{"uv":[0.140625,5.890625,0.515625,5.9375],"texture":"#0","tintindex":0}},"rotation":{"axis":"y","angle":0,"origin":[0,-4.46875,-7.96875]}}]}