{"display":{"head":{"translation":[-32,32,-32],"scale":[4,4,4],"rotation":[0,180,0]}},"textures":{"0":"dmodels/battle_bus/battle_bus_texture"},"elements":[{"name":"cube272","from":[-0.015625,-3.0285861716645535,0.3774109234475116],"to":[-0.015625,-0.09108617166455256,1.1274109234475116],"faces":{"west":{"uv":[9.78125,10.8125,9.59375,11.546875],"texture":"#0","tintindex":0},"east":{"uv":[9.59375,10.8125,9.78125,11.546875],"texture":"#0","tintindex":0},"up":{"uv":[9.78125,10.8125,9.78125,10.625],"texture":"#0","tintindex":0},"south":{"uv":[9.96875,10.8125,9.96875,11.546875],"texture":"#0","tintindex":0},"down":{"uv":[9.78125,10.625,9.78125,10.8125],"texture":"#0","tintindex":0},"north":{"uv":[9.78125,10.8125,9.78125,11.546875],"texture":"#0","tintindex":0}},"rotation":{"axis":"y","angle":0,"origin":[-2.3125,-2.96875,-8.65625]}}]}