{"display":{"head":{"translation":[-32,32,-32],"scale":[4,4,4],"rotation":[0,180,0]}},"textures":{"0":"dmodels/battle_bus/battle_bus_texture"},"elements":[{"name":"cube282","from":[-0.15625,-0.65625,0.4375],"to":[2.34375,-0.40625,1.75],"faces":{"west":{"uv":[1.234375,12.328125,1.5625,12.390625],"texture":"#0","tintindex":0},"east":{"uv":[0.28125,12.328125,0.609375,12.390625],"texture":"#0","tintindex":0},"up":{"uv":[1.234375,12.328125,0.609375,12],"texture":"#0","tintindex":0},"south":{"uv":[1.5625,12.328125,2.1875,12.390625],"texture":"#0","tintindex":0},"down":{"uv":[1.859375,12,1.234375,12.328125],"texture":"#0","tintindex":0},"north":{"uv":[0.609375,12.328125,1.234375,12.390625],"texture":"#0","tintindex":0}},"rotation":{"axis":"y","angle":0,"origin":[2.875,-7.65625,-5.25]}}]}