{"display":{"head":{"translation":[-32,32,-32],"scale":[4,4,4],"rotation":[0,180,0]}},"textures":{"0":"dmodels/battle_bus/battle_bus_texture"},"elements":[{"name":"cube296","from":[0,-0.53125,0],"to":[0,0.53125,1.1875],"faces":{"west":{"uv":[2.3125,11.625,2.609375,11.890625],"texture":"#0","tintindex":0},"east":{"uv":[2.609375,11.625,2.3125,11.890625],"texture":"#0","tintindex":0},"up":{"uv":[2.3125,11.625,2.3125,11.328125],"texture":"#0","tintindex":0},"south":{"uv":[2.609375,11.625,2.609375,11.890625],"texture":"#0","tintindex":0},"down":{"uv":[2.3125,11.328125,2.3125,11.625],"texture":"#0","tintindex":0},"north":{"uv":[2.3125,11.625,2.3125,11.890625],"texture":"#0","tintindex":0}},"rotation":{"axis":"y","angle":0,"origin":[2.125,-1.75,0.4375]}}]}