{"display":{"head":{"translation":[-32,32,-32],"scale":[4,4,4],"rotation":[0,180,0]}},"textures":{"0":"dmodels/battle_bus/battle_bus_texture"},"elements":[{"name":"cube271","from":[0.015625,-3.4660861716645535,-1.1274109234475114],"to":[0.015625,-0.09108617166455256,-0.37741092344751126],"faces":{"west":{"uv":[0.1875,10.65625,0.375,11.5],"texture":"#0","tintindex":0},"east":{"uv":[0.375,10.65625,0.1875,11.5],"texture":"#0","tintindex":0},"up":{"uv":[0.1875,10.65625,0.1875,10.46875],"texture":"#0","tintindex":0},"south":{"uv":[0.375,10.65625,0.375,11.5],"texture":"#0","tintindex":0},"down":{"uv":[0.1875,10.46875,0.1875,10.65625],"texture":"#0","tintindex":0},"north":{"uv":[0.1875,10.65625,0.1875,11.5],"texture":"#0","tintindex":0}},"rotation":{"axis":"y","angle":0,"origin":[2.3125,-2.96875,-0.53125]}}]}