{"display":{"head":{"translation":[-32,32,-32],"scale":[4,4,4],"rotation":[0,180,0]}},"textures":{"0":"dmodels/battle_bus/battle_bus_texture"},"elements":[{"name":"cube90","from":[0,-0.21875,-0.0625],"to":[0,0.71875,0.875],"faces":{"west":{"uv":[1.609375,0.234375,1.84375,0.46875],"texture":"#0","tintindex":0},"east":{"uv":[1.84375,0.234375,1.609375,0.46875],"texture":"#0","tintindex":0},"up":{"uv":[1.609375,0.234375,1.609375,0],"texture":"#0","tintindex":0},"south":{"uv":[1.84375,0.234375,1.84375,0.46875],"texture":"#0","tintindex":0},"down":{"uv":[1.609375,0,1.609375,0.234375],"texture":"#0","tintindex":0},"north":{"uv":[1.609375,0.234375,1.609375,0.46875],"texture":"#0","tintindex":0}},"rotation":{"axis":"y","angle":0,"origin":[1.78125,-1.84375,3.1875]}}]}