{"display":{"head":{"translation":[-32,32,-32],"scale":[4,4,4],"rotation":[0,180,0]}},"textures":{"0":"dmodels/battle_bus/battle_bus_texture"},"elements":[{"name":"cube266","from":[-0.28125,-0.34375,0],"to":[0.28125,0.21875,0.125],"faces":{"west":{"uv":[7.4375,2.578125,7.46875,2.71875],"texture":"#0","tintindex":0},"east":{"uv":[7.265625,2.578125,7.296875,2.71875],"texture":"#0","tintindex":0},"up":{"uv":[7.4375,2.578125,7.296875,2.546875],"texture":"#0","tintindex":0},"south":{"uv":[7.46875,2.578125,7.609375,2.71875],"texture":"#0","tintindex":0},"down":{"uv":[7.578125,2.546875,7.4375,2.578125],"texture":"#0","tintindex":0},"north":{"uv":[7.296875,2.578125,7.4375,2.71875],"texture":"#0","tintindex":0}},"rotation":{"axis":"y","angle":0,"origin":[1,-2.09375,0.5]}}]}