{"display":{"head":{"translation":[-32,32,-32],"scale":[4,4,4],"rotation":[0,180,0]}},"textures":{"0":"dmodels/battle_bus/battle_bus_texture"},"elements":[{"name":"cube230","from":[0.46875,-3.71875,-0.75],"to":[0.46875,3.71875,0.75],"faces":{"west":{"uv":[5.65625,9.40625,5.28125,11.265625],"texture":"#0","tintindex":0},"east":{"uv":[5.28125,9.40625,5.65625,11.265625],"texture":"#0","tintindex":0},"up":{"uv":[5.65625,9.40625,5.65625,9.03125],"texture":"#0","tintindex":0},"south":{"uv":[6.03125,9.40625,6.03125,11.265625],"texture":"#0","tintindex":0},"down":{"uv":[5.65625,9.03125,5.65625,9.40625],"texture":"#0","tintindex":0},"north":{"uv":[5.65625,9.40625,5.65625,11.265625],"texture":"#0","tintindex":0}},"rotation":{"axis":"y","angle":0,"origin":[-1.90625,-9.34375,-1.0625]}}]}