{"display":{"head":{"translation":[-32,32,-32],"scale":[4,4,4],"rotation":[0,180,0]}},"textures":{"0":"dmodels/battle_bus/battle_bus_texture"},"elements":[{"name":"cube239","from":[-0.09375,0.09375,-0.0625],"to":[0.09375,0.65625,0.5],"faces":{"west":{"uv":[0.984375,3.25,1.125,3.390625],"texture":"#0","tintindex":0},"east":{"uv":[0.796875,3.25,0.9375,3.390625],"texture":"#0","tintindex":0},"up":{"uv":[0.984375,3.25,0.9375,3.109375],"texture":"#0","tintindex":0},"south":{"uv":[1.125,3.25,1.171875,3.390625],"texture":"#0","tintindex":0},"down":{"uv":[1.03125,3.109375,0.984375,3.25],"texture":"#0","tintindex":0},"north":{"uv":[0.9375,3.25,0.984375,3.390625],"texture":"#0","tintindex":0}},"rotation":{"axis":"y","angle":0,"origin":[2.875,-7.65625,-5.25]}}]}