{"display":{"head":{"translation":[-32,32,-32],"scale":[4,4,4],"rotation":[0,180,0]}},"textures":{"0":"dmodels/battle_bus/battle_bus_texture"},"elements":[{"name":"cube274","from":[-0.15625,-1.09375,0.4375],"to":[0.15625,-0.78125,0.875],"faces":{"west":{"uv":[1.359375,11.90625,1.46875,11.984375],"texture":"#0","tintindex":0},"east":{"uv":[1.171875,11.90625,1.28125,11.984375],"texture":"#0","tintindex":0},"up":{"uv":[1.359375,11.90625,1.28125,11.796875],"texture":"#0","tintindex":0},"south":{"uv":[1.46875,11.90625,1.546875,11.984375],"texture":"#0","tintindex":0},"down":{"uv":[1.4375,11.796875,1.359375,11.90625],"texture":"#0","tintindex":0},"north":{"uv":[1.28125,11.90625,1.359375,11.984375],"texture":"#0","tintindex":0}},"rotation":{"axis":"y","angle":0,"origin":[2.875,-7.65625,-5.25]}}]}