{"display":{"head":{"translation":[-32,32,-32],"scale":[4,4,4],"rotation":[0,180,0]}},"textures":{"0":"dmodels/battle_bus/battle_bus_texture"},"elements":[{"name":"cube126","from":[-0.75,-0.1875,-0.59375],"to":[0.75,0.1875,0.59375],"faces":{"west":{"uv":[0.296875,7.09375,0,7.1875],"texture":"#0","tintindex":0},"east":{"uv":[0.96875,7.09375,0.671875,7.1875],"texture":"#0","tintindex":0},"up":{"uv":[0.296875,7.09375,0.671875,6.796875],"texture":"#0","tintindex":0},"south":{"uv":[1.34375,7.09375,0.96875,7.1875],"texture":"#0","tintindex":0},"down":{"uv":[0.671875,6.796875,1.046875,7.09375],"texture":"#0","tintindex":0},"north":{"uv":[0.671875,7.09375,0.296875,7.1875],"texture":"#0","tintindex":0}},"rotation":{"axis":"y","angle":0,"origin":[0,-4.5625,-6.84375]}}]}