{"display":{"head":{"translation":[-32,32,-32],"scale":[4,4,4],"rotation":[0,180,0]}},"textures":{"0":"dmodels/battle_bus/battle_bus_texture"},"elements":[{"name":"cube110","from":[0.21875,-0.6848361716645526,-0.25241092344751137],"to":[0.34375,-0.18483617166455257,0.24758907655248863],"faces":{"west":{"uv":[3.0625,9.15625,3.1875,9.28125],"texture":"#0","tintindex":0},"east":{"uv":[2.90625,9.15625,3.03125,9.28125],"texture":"#0","tintindex":0},"up":{"uv":[3.0625,9.15625,3.03125,9.03125],"texture":"#0","tintindex":0},"south":{"uv":[3.1875,9.15625,3.21875,9.28125],"texture":"#0","tintindex":0},"down":{"uv":[3.09375,9.03125,3.0625,9.15625],"texture":"#0","tintindex":0},"north":{"uv":[3.03125,9.15625,3.0625,9.28125],"texture":"#0","tintindex":0}},"rotation":{"axis":"y","angle":0,"origin":[-2.3125,-2.96875,-0.53125]}}]}