{"display":{"head":{"translation":[-32,32,-32],"scale":[4,4,4],"rotation":[0,180,0]}},"textures":{"0":"dmodels/battle_bus/battle_bus_texture"},"elements":[{"name":"cube234","from":[0.46875,-3.71875,-0.75],"to":[0.46875,3.71875,0.75],"faces":{"west":{"uv":[5.3125,0.375,4.9375,2.234375],"texture":"#0","tintindex":0},"east":{"uv":[4.9375,0.375,5.3125,2.234375],"texture":"#0","tintindex":0},"up":{"uv":[5.3125,0.375,5.3125,0],"texture":"#0","tintindex":0},"south":{"uv":[5.6875,0.375,5.6875,2.234375],"texture":"#0","tintindex":0},"down":{"uv":[5.3125,0,5.3125,0.375],"texture":"#0","tintindex":0},"north":{"uv":[5.3125,0.375,5.3125,2.234375],"texture":"#0","tintindex":0}},"rotation":{"axis":"y","angle":0,"origin":[-1.90625,-9.34375,-7.75]}}]}