{"display":{"head":{"translation":[-32,32,-32],"scale":[4,4,4],"rotation":[0,180,0]}},"textures":{"0":"dmodels/battle_bus/battle_bus_texture"},"elements":[{"name":"cube277","from":[-0.125,0.65625,-0.15625],"to":[0.125,0.96875,0.15625],"faces":{"west":{"uv":[0.15625,12.078125,0.234375,12.15625],"texture":"#0","tintindex":0},"east":{"uv":[0.015625,12.078125,0.09375,12.15625],"texture":"#0","tintindex":0},"up":{"uv":[0.15625,12.078125,0.09375,12],"texture":"#0","tintindex":0},"south":{"uv":[0.234375,12.078125,0.296875,12.15625],"texture":"#0","tintindex":0},"down":{"uv":[0.21875,12,0.15625,12.078125],"texture":"#0","tintindex":0},"north":{"uv":[0.09375,12.078125,0.15625,12.15625],"texture":"#0","tintindex":0}},"rotation":{"axis":"y","angle":0,"origin":[1.84375,-6.71875,-4.3125]}}]}