{"display":{"head":{"translation":[-32,32,-32],"scale":[4,4,4],"rotation":[0,180,0]}},"textures":{"0":"dmodels/battle_bus/battle_bus_texture"},"elements":[{"name":"cube220","from":[-0.21875,-0.1875,-0.21875],"to":[0.21875,0.1875,0.21875],"faces":{"west":{"uv":[11.296875,7.5,11.40625,7.59375],"texture":"#0","tintindex":0},"east":{"uv":[11.078125,7.5,11.1875,7.59375],"texture":"#0","tintindex":0},"up":{"uv":[11.296875,7.5,11.1875,7.390625],"texture":"#0","tintindex":0},"south":{"uv":[11.40625,7.5,11.515625,7.59375],"texture":"#0","tintindex":0},"down":{"uv":[11.40625,7.390625,11.296875,7.5],"texture":"#0","tintindex":0},"north":{"uv":[11.1875,7.5,11.296875,7.59375],"texture":"#0","tintindex":0}},"rotation":{"axis":"y","angle":0,"origin":[1.15625,-5.96875,-5.59375]}}]}