{"display":{"head":{"translation":[-32,32,-32],"scale":[4,4,4],"rotation":[0,180,0]}},"textures":{"0":"dmodels/battle_bus/battle_bus_texture"},"elements":[{"name":"cube165","from":[-0.171875,-2.4660861716645535,-0.3725890765524884],"to":[0.203125,-0.9035861716645526,0.3774109234475116],"faces":{"west":{"uv":[0.28125,1.71875,0.46875,2.109375],"texture":"#0","tintindex":0},"east":{"uv":[0,1.71875,0.1875,2.109375],"texture":"#0","tintindex":0},"up":{"uv":[0.28125,1.71875,0.1875,1.53125],"texture":"#0","tintindex":0},"south":{"uv":[0.46875,1.71875,0.5625,2.109375],"texture":"#0","tintindex":0},"down":{"uv":[0.375,1.53125,0.28125,1.71875],"texture":"#0","tintindex":0},"north":{"uv":[0.1875,1.71875,0.28125,2.109375],"texture":"#0","tintindex":0}},"rotation":{"axis":"y","angle":0,"origin":[2.3125,-2.96875,-8.65625]}}]}