{"display":{"head":{"translation":[-32,32,-32],"scale":[4,4,4],"rotation":[0,180,0]}},"textures":{"0":"dmodels/battle_bus/battle_bus_texture"},"elements":[{"name":"cube123","from":[0.09375,-0.84375,-0.28125000000000044],"to":[0.09375,0.46875,0.28125],"faces":{"west":{"uv":[2.03125,4.75,2.171875,5.078125],"texture":"#0","tintindex":0},"east":{"uv":[1.890625,4.75,2.03125,5.078125],"texture":"#0","tintindex":0},"up":{"uv":[2.03125,4.75,2.03125,4.609375],"texture":"#0","tintindex":0},"south":{"uv":[2.171875,4.75,2.171875,5.078125],"texture":"#0","tintindex":0},"down":{"uv":[2.03125,4.609375,2.03125,4.75],"texture":"#0","tintindex":0},"north":{"uv":[2.03125,4.75,2.03125,5.078125],"texture":"#0","tintindex":0}},"rotation":{"axis":"y","angle":0,"origin":[-2.3125,-0.8153283503446453,-2.8777287345489433]}}]}