{"display":{"head":{"translation":[-32,32,-32],"scale":[4,4,4],"rotation":[0,180,0]}},"textures":{"0":"dmodels/battle_bus/battle_bus_texture"},"elements":[{"name":"cube241","from":[-0.1875,-0.34375,0],"to":[0.1875,0.34375,0],"faces":{"west":{"uv":[0.484375,1.53125,0.484375,1.703125],"texture":"#0","tintindex":0},"east":{"uv":[0.390625,1.53125,0.390625,1.703125],"texture":"#0","tintindex":0},"up":{"uv":[0.484375,1.53125,0.390625,1.53125],"texture":"#0","tintindex":0},"south":{"uv":[0.484375,1.53125,0.578125,1.703125],"texture":"#0","tintindex":0},"down":{"uv":[0.578125,1.53125,0.484375,1.53125],"texture":"#0","tintindex":0},"north":{"uv":[0.390625,1.53125,0.484375,1.703125],"texture":"#0","tintindex":0}},"rotation":{"axis":"y","angle":0,"origin":[3.40625,-7.65625,-3.5]}}]}