{"display":{"head":{"translation":[-32,32,-32],"scale":[4,4,4],"rotation":[0,180,0]}},"textures":{"0":"dmodels/battle_bus/battle_bus_texture"},"elements":[{"name":"cube132","from":[-0.5625,-0.34375,-0.125],"to":[0.5625,0.34375,0.125],"faces":{"west":{"uv":[0.34375,7.265625,0.40625,7.4375],"texture":"#0","tintindex":0},"east":{"uv":[0,7.265625,0.0625,7.4375],"texture":"#0","tintindex":0},"up":{"uv":[0.34375,7.265625,0.0625,7.203125],"texture":"#0","tintindex":0},"south":{"uv":[0.40625,7.265625,0.6875,7.4375],"texture":"#0","tintindex":0},"down":{"uv":[0.625,7.203125,0.34375,7.265625],"texture":"#0","tintindex":0},"north":{"uv":[0.0625,7.265625,0.34375,7.4375],"texture":"#0","tintindex":0}},"rotation":{"axis":"y","angle":0,"origin":[0,-5.3125,-5.4375]}}]}