{"display":{"head":{"translation":[-32,32,-32],"scale":[4,4,4],"rotation":[0,180,0]}},"textures":{"0":"dmodels/battle_bus/battle_bus_texture"},"elements":[{"name":"cube120","from":[-0.21875,-0.9660861716645536,-0.4350890765524884],"to":[0.21875,-0.028586171664552573,0.4399109234475116],"faces":{"west":{"uv":[11.34375,8.484375,11.5625,8.71875],"texture":"#0","tintindex":0},"east":{"uv":[11.015625,8.484375,11.234375,8.71875],"texture":"#0","tintindex":0},"up":{"uv":[11.34375,8.484375,11.234375,8.265625],"texture":"#0","tintindex":0},"south":{"uv":[11.5625,8.484375,11.671875,8.71875],"texture":"#0","tintindex":0},"down":{"uv":[11.453125,8.265625,11.34375,8.484375],"texture":"#0","tintindex":0},"north":{"uv":[11.234375,8.484375,11.34375,8.71875],"texture":"#0","tintindex":0}},"rotation":{"axis":"y","angle":0,"origin":[-2.3125,-2.96875,-8.65625]}}]}