{"display":{"head":{"translation":[-32,32,-32],"scale":[4,4,4],"rotation":[0,180,0]}},"textures":{"0":"dmodels/battle_bus/battle_bus_texture"},"elements":[{"name":"cube58","from":[-0.21875,-0.21875,-0.0625],"to":[0.21875,0.21875,0.0625],"faces":{"west":{"uv":[8.625,6.578125,8.59375,6.6875],"texture":"#0","tintindex":0},"east":{"uv":[8.765625,6.578125,8.734375,6.6875],"texture":"#0","tintindex":0},"up":{"uv":[8.625,6.578125,8.734375,6.546875],"texture":"#0","tintindex":0},"south":{"uv":[8.875,6.578125,8.765625,6.6875],"texture":"#0","tintindex":0},"down":{"uv":[8.734375,6.546875,8.84375,6.578125],"texture":"#0","tintindex":0},"north":{"uv":[8.734375,6.578125,8.625,6.6875],"texture":"#0","tintindex":0}},"rotation":{"axis":"y","angle":0,"origin":[-1.15625,-3.96875,-10.03125]}}]}