{"display":{"head":{"translation":[-32,32,-32],"scale":[4,4,4],"rotation":[0,180,0]}},"textures":{"0":"dmodels/battle_bus/battle_bus_texture"},"elements":[{"name":"cube310","from":[-1.5,-0.640625,-0.3125],"to":[-0.125,-0.078125,0.6875],"faces":{"west":{"uv":[0.25,1.078125,0,1.21875],"texture":"#0","tintindex":0},"east":{"uv":[0.84375,1.078125,0.59375,1.21875],"texture":"#0","tintindex":0},"up":{"uv":[0.25,1.078125,0.59375,0.828125],"texture":"#0","tintindex":0},"south":{"uv":[1.1875,1.078125,0.84375,1.21875],"texture":"#0","tintindex":0},"down":{"uv":[0.59375,0.828125,0.9375,1.078125],"texture":"#0","tintindex":0},"north":{"uv":[0.59375,1.078125,0.25,1.21875],"texture":"#0","tintindex":0}},"rotation":{"axis":"y","angle":0,"origin":[1.125,-1.578125,-6.5625]}}]}