{"display":{"head":{"translation":[-32,32,-32],"scale":[4,4,4],"rotation":[0,180,0]}},"textures":{"0":"dmodels/battle_bus/battle_bus_texture"},"elements":[{"name":"cube179","from":[-0.34375,-0.6848361716645526,-0.25241092344751137],"to":[-0.21875,-0.18483617166455257,0.24758907655248863],"faces":{"west":{"uv":[0.15625,3.234375,0.28125,3.359375],"texture":"#0","tintindex":0},"east":{"uv":[0,3.234375,0.125,3.359375],"texture":"#0","tintindex":0},"up":{"uv":[0.15625,3.234375,0.125,3.109375],"texture":"#0","tintindex":0},"south":{"uv":[0.28125,3.234375,0.3125,3.359375],"texture":"#0","tintindex":0},"down":{"uv":[0.1875,3.109375,0.15625,3.234375],"texture":"#0","tintindex":0},"north":{"uv":[0.125,3.234375,0.15625,3.359375],"texture":"#0","tintindex":0}},"rotation":{"axis":"y","angle":0,"origin":[2.3125,-2.96875,-0.53125]}}]}