{"display":{"head":{"translation":[-32,32,-32],"scale":[4,4,4],"rotation":[0,180,0]}},"textures":{"0":"dmodels/battle_bus/battle_bus_texture"},"elements":[{"name":"cube148","from":[-0.0625,-0.0625,-0.1875],"to":[0.0625,0.0625,0.1875],"faces":{"west":{"uv":[4.84375,6.109375,4.9375,6.140625],"texture":"#0","tintindex":0},"east":{"uv":[4.71875,6.109375,4.8125,6.140625],"texture":"#0","tintindex":0},"up":{"uv":[4.84375,6.109375,4.8125,6.015625],"texture":"#0","tintindex":0},"south":{"uv":[4.9375,6.109375,4.96875,6.140625],"texture":"#0","tintindex":0},"down":{"uv":[4.875,6.015625,4.84375,6.109375],"texture":"#0","tintindex":0},"north":{"uv":[4.8125,6.109375,4.84375,6.140625],"texture":"#0","tintindex":0}},"rotation":{"axis":"y","angle":0,"origin":[-1.90625,-5.046875,-9.0125]}}]}