{"display":{"head":{"translation":[-32,32,-32],"scale":[4,4,4],"rotation":[0,180,0]}},"textures":{"0":"dmodels/battle_bus/battle_bus_texture"},"elements":[{"name":"cube88","from":[-0.09375,-0.15625,-0.125],"to":[0.09375,0.15625,0.125],"faces":{"west":{"uv":[2.734375,1.25,2.796875,1.328125],"texture":"#0","tintindex":0},"east":{"uv":[2.625,1.25,2.6875,1.328125],"texture":"#0","tintindex":0},"up":{"uv":[2.734375,1.25,2.6875,1.1875],"texture":"#0","tintindex":0},"south":{"uv":[2.796875,1.25,2.84375,1.328125],"texture":"#0","tintindex":0},"down":{"uv":[2.78125,1.1875,2.734375,1.25],"texture":"#0","tintindex":0},"north":{"uv":[2.6875,1.25,2.734375,1.328125],"texture":"#0","tintindex":0}},"rotation":{"axis":"y","angle":0,"origin":[1.78125,-1.46875,3.1875]}}]}