{"display":{"head":{"translation":[-32,32,-32],"scale":[4,4,4],"rotation":[0,180,0]}},"textures":{"0":"dmodels/battle_bus/battle_bus_texture"},"elements":[{"name":"cube238","from":[-0.09375,0.09375,-0.0625],"to":[0.09375,0.65625,0.5],"faces":{"west":{"uv":[6.171875,4.03125,6.3125,4.171875],"texture":"#0","tintindex":0},"east":{"uv":[5.984375,4.03125,6.125,4.171875],"texture":"#0","tintindex":0},"up":{"uv":[6.171875,4.03125,6.125,3.890625],"texture":"#0","tintindex":0},"south":{"uv":[6.3125,4.03125,6.359375,4.171875],"texture":"#0","tintindex":0},"down":{"uv":[6.21875,3.890625,6.171875,4.03125],"texture":"#0","tintindex":0},"north":{"uv":[6.125,4.03125,6.171875,4.171875],"texture":"#0","tintindex":0}},"rotation":{"axis":"y","angle":0,"origin":[2.875,-7.65625,-5.25]}}]}