{"display":{"head":{"translation":[-32,32,-32],"scale":[4,4,4],"rotation":[0,180,0]}},"textures":{"0":"dmodels/battle_bus/battle_bus_texture"},"elements":[{"name":"cube311","from":[-1.625,-0.078125,0.4375],"to":[-0.25,0.796875,0.6875],"faces":{"west":{"uv":[10.734375,10.328125,10.671875,10.546875],"texture":"#0","tintindex":0},"east":{"uv":[11.140625,10.328125,11.078125,10.546875],"texture":"#0","tintindex":0},"up":{"uv":[10.734375,10.328125,11.078125,10.265625],"texture":"#0","tintindex":0},"south":{"uv":[11.484375,10.328125,11.140625,10.546875],"texture":"#0","tintindex":0},"down":{"uv":[11.078125,10.265625,11.421875,10.328125],"texture":"#0","tintindex":0},"north":{"uv":[11.078125,10.328125,10.734375,10.546875],"texture":"#0","tintindex":0}},"rotation":{"axis":"y","angle":0,"origin":[1.125,-1.578125,-8.0625]}}]}