{"display":{"head":{"translation":[-32,32,-32],"scale":[4,4,4],"rotation":[0,180,0]}},"textures":{"0":"dmodels/battle_bus/battle_bus_texture"},"elements":[{"name":"cube83","from":[-0.0625,-0.21875,-0.0625],"to":[0.0625,0.34375,0.0625],"faces":{"west":{"uv":[0.0625,1.5625,0.09375,1.703125],"texture":"#0","tintindex":0},"east":{"uv":[0,1.5625,0.03125,1.703125],"texture":"#0","tintindex":0},"up":{"uv":[0.0625,1.5625,0.03125,1.53125],"texture":"#0","tintindex":0},"south":{"uv":[0.09375,1.5625,0.125,1.703125],"texture":"#0","tintindex":0},"down":{"uv":[0.09375,1.53125,0.0625,1.5625],"texture":"#0","tintindex":0},"north":{"uv":[0.03125,1.5625,0.0625,1.703125],"texture":"#0","tintindex":0}},"rotation":{"axis":"y","angle":0,"origin":[-1.78125,-1.84375,3.1875]}}]}