{"display":{"head":{"translation":[-32,32,-32],"scale":[4,4,4],"rotation":[0,180,0]}},"textures":{"0":"dmodels/battle_bus/battle_bus_texture"},"elements":[{"name":"cube283","from":[3.34375,-2.28125,0.1875],"to":[5.21875,-2.28125,2.3125],"faces":{"west":{"uv":[1.03125,12.953125,1.5625,13.015625],"texture":"#0","tintindex":0},"east":{"uv":[0.03125,12.953125,0.5625,13.015625],"texture":"#0","tintindex":0},"up":{"uv":[1.5,12.953125,1.03125,12.421875],"texture":"#0","tintindex":0},"south":{"uv":[1.5625,12.953125,2.03125,13.015625],"texture":"#0","tintindex":0},"down":{"uv":[1.5,12.421875,1.03125,12.953125],"texture":"#0","tintindex":0},"north":{"uv":[0.5625,12.953125,1.03125,13.015625],"texture":"#0","tintindex":0}},"rotation":{"axis":"y","angle":0,"origin":[2.875,-7.65625,-5.25]}}]}