{"display":{"head":{"translation":[-32,32,-32],"scale":[4,4,4],"rotation":[0,180,0]}},"textures":{"0":"dmodels/battle_bus/battle_bus_texture"},"elements":[{"name":"cube175","from":[-0.21875,-3.6535861716645535,-0.4399109234475114],"to":[0.21875,-2.7160861716645535,0.4350890765524889],"faces":{"west":{"uv":[11.203125,7.140625,11.421875,7.375],"texture":"#0","tintindex":0},"east":{"uv":[10.875,7.140625,11.09375,7.375],"texture":"#0","tintindex":0},"up":{"uv":[11.203125,7.140625,11.09375,6.921875],"texture":"#0","tintindex":0},"south":{"uv":[11.421875,7.140625,11.53125,7.375],"texture":"#0","tintindex":0},"down":{"uv":[11.3125,6.921875,11.203125,7.140625],"texture":"#0","tintindex":0},"north":{"uv":[11.09375,7.140625,11.203125,7.375],"texture":"#0","tintindex":0}},"rotation":{"axis":"y","angle":0,"origin":[2.3125,-2.96875,-0.53125]}}]}