{"display":{"head":{"translation":[-32,32,-32],"scale":[4,4,4],"rotation":[0,180,0]}},"textures":{"0":"dmodels/battle_bus/battle_bus_texture"},"elements":[{"name":"cube273","from":[0.015625,-3.0285861716645535,0.3774109234475116],"to":[0.015625,-0.09108617166455256,1.1274109234475116],"faces":{"west":{"uv":[1.484375,10.71875,1.671875,11.453125],"texture":"#0","tintindex":0},"east":{"uv":[1.671875,10.71875,1.484375,11.453125],"texture":"#0","tintindex":0},"up":{"uv":[1.484375,10.71875,1.484375,10.53125],"texture":"#0","tintindex":0},"south":{"uv":[1.671875,10.71875,1.671875,11.453125],"texture":"#0","tintindex":0},"down":{"uv":[1.484375,10.53125,1.484375,10.71875],"texture":"#0","tintindex":0},"north":{"uv":[1.484375,10.71875,1.484375,11.453125],"texture":"#0","tintindex":0}},"rotation":{"axis":"y","angle":0,"origin":[2.3125,-2.96875,-8.65625]}}]}