{"display":{"head":{"translation":[-32,32,-32],"scale":[4,4,4],"rotation":[0,180,0]}},"textures":{"0":"dmodels/battle_bus/battle_bus_texture"},"elements":[{"name":"cube84","from":[-0.06250000000000022,-0.15625,-0.0625],"to":[0.06249999999999978,0.15625,0.0625],"faces":{"west":{"uv":[0.265625,3.140625,0.296875,3.21875],"texture":"#0","tintindex":0},"east":{"uv":[0.203125,3.140625,0.234375,3.21875],"texture":"#0","tintindex":0},"up":{"uv":[0.265625,3.140625,0.234375,3.109375],"texture":"#0","tintindex":0},"south":{"uv":[0.296875,3.140625,0.328125,3.21875],"texture":"#0","tintindex":0},"down":{"uv":[0.296875,3.109375,0.265625,3.140625],"texture":"#0","tintindex":0},"north":{"uv":[0.234375,3.140625,0.265625,3.21875],"texture":"#0","tintindex":0}},"rotation":{"axis":"y","angle":0,"origin":[-1.5479081984570753,-1.40625,3.6253186694699617]}}]}