{"display":{"head":{"translation":[-32,32,-32],"scale":[4,4,4],"rotation":[0,180,0]}},"textures":{"0":"dmodels/battle_bus/battle_bus_texture"},"elements":[{"name":"cube87","from":[2.220446049250313e-16,-0.40625,-0.0625],"to":[2.220446049250313e-16,0.53125,0.4375],"faces":{"west":{"uv":[1.078125,0.828125,1.203125,1.0625],"texture":"#0","tintindex":0},"east":{"uv":[1.203125,0.828125,1.078125,1.0625],"texture":"#0","tintindex":0},"up":{"uv":[1.078125,0.828125,1.078125,0.703125],"texture":"#0","tintindex":0},"south":{"uv":[1.203125,0.828125,1.203125,1.0625],"texture":"#0","tintindex":0},"down":{"uv":[1.078125,0.703125,1.078125,0.828125],"texture":"#0","tintindex":0},"north":{"uv":[1.078125,0.828125,1.078125,1.0625],"texture":"#0","tintindex":0}},"rotation":{"axis":"y","angle":0,"origin":[1.5479081984570753,-1.65625,3.6253186694699617]}}]}