{"display":{"head":{"translation":[-32,32,-32],"scale":[4,4,4],"rotation":[0,180,0]}},"textures":{"0":"dmodels/battle_bus/battle_bus_texture"},"elements":[{"name":"cube106","from":[-0.203125,-2.7785861716645535,-0.3774109234475114],"to":[0.171875,-0.9035861716645526,0.37258907655248874],"faces":{"west":{"uv":[6.046875,8.34375,6.234375,8.8125],"texture":"#0","tintindex":0},"east":{"uv":[5.765625,8.34375,5.953125,8.8125],"texture":"#0","tintindex":0},"up":{"uv":[6.046875,8.34375,5.953125,8.15625],"texture":"#0","tintindex":0},"south":{"uv":[6.234375,8.34375,6.328125,8.8125],"texture":"#0","tintindex":0},"down":{"uv":[6.140625,8.15625,6.046875,8.34375],"texture":"#0","tintindex":0},"north":{"uv":[5.953125,8.34375,6.046875,8.8125],"texture":"#0","tintindex":0}},"rotation":{"axis":"y","angle":0,"origin":[-2.3125,-2.96875,-0.53125]}}]}