{"display":{"head":{"translation":[-32,32,-32],"scale":[4,4,4],"rotation":[0,180,0]}},"textures":{"0":"dmodels/battle_bus/battle_bus_texture"},"elements":[{"name":"cube107","from":[-0.21875,-0.9660861716645536,-0.4399109234475114],"to":[0.21875,-0.028586171664552573,0.4350890765524889],"faces":{"west":{"uv":[5.046875,11.296875,5.265625,11.53125],"texture":"#0","tintindex":0},"east":{"uv":[4.71875,11.296875,4.9375,11.53125],"texture":"#0","tintindex":0},"up":{"uv":[5.046875,11.296875,4.9375,11.078125],"texture":"#0","tintindex":0},"south":{"uv":[5.265625,11.296875,5.375,11.53125],"texture":"#0","tintindex":0},"down":{"uv":[5.15625,11.078125,5.046875,11.296875],"texture":"#0","tintindex":0},"north":{"uv":[4.9375,11.296875,5.046875,11.53125],"texture":"#0","tintindex":0}},"rotation":{"axis":"y","angle":0,"origin":[-2.3125,-2.96875,-0.53125]}}]}