{"display":{"head":{"translation":[-32,32,-32],"scale":[4,4,4],"rotation":[0,180,0]}},"textures":{"0":"dmodels/battle_bus/battle_bus_texture"},"elements":[{"name":"cube163","from":[-0.21875,-0.9660861716645536,-0.4350890765524884],"to":[0.21875,-0.028586171664552573,0.4399109234475116],"faces":{"west":{"uv":[10.203125,11.1875,9.984375,11.421875],"texture":"#0","tintindex":0},"east":{"uv":[10.53125,11.1875,10.3125,11.421875],"texture":"#0","tintindex":0},"up":{"uv":[10.203125,11.1875,10.3125,10.96875],"texture":"#0","tintindex":0},"south":{"uv":[10.640625,11.1875,10.53125,11.421875],"texture":"#0","tintindex":0},"down":{"uv":[10.3125,10.96875,10.421875,11.1875],"texture":"#0","tintindex":0},"north":{"uv":[10.3125,11.1875,10.203125,11.421875],"texture":"#0","tintindex":0}},"rotation":{"axis":"y","angle":0,"origin":[2.3125,-2.96875,-8.65625]}}]}