{"display":{"head":{"translation":[-32,32,-32],"scale":[4,4,4],"rotation":[0,180,0]}},"textures":{"0":"dmodels/battle_bus/battle_bus_texture"},"elements":[{"name":"cube164","from":[-0.34375,-0.6848361716645526,-0.2475890765524884],"to":[-0.21875,-0.18483617166455257,0.2524109234475116],"faces":{"west":{"uv":[5.0625,4.015625,4.9375,4.140625],"texture":"#0","tintindex":0},"east":{"uv":[5.21875,4.015625,5.09375,4.140625],"texture":"#0","tintindex":0},"up":{"uv":[5.0625,4.015625,5.09375,3.890625],"texture":"#0","tintindex":0},"south":{"uv":[5.25,4.015625,5.21875,4.140625],"texture":"#0","tintindex":0},"down":{"uv":[5.09375,3.890625,5.125,4.015625],"texture":"#0","tintindex":0},"north":{"uv":[5.09375,4.015625,5.0625,4.140625],"texture":"#0","tintindex":0}},"rotation":{"axis":"y","angle":0,"origin":[2.3125,-2.96875,-8.65625]}}]}