{"display":{"head":{"translation":[-32,32,-32],"scale":[4,4,4],"rotation":[0,180,0]}},"textures":{"0":"dmodels/battle_bus/battle_bus_texture"},"elements":[{"name":"cube133","from":[-0.5,-0.125,-0.09375],"to":[0.5,0.125,0.09375],"faces":{"west":{"uv":[8.53125,7.109375,8.578125,7.171875],"texture":"#0","tintindex":0},"east":{"uv":[8.234375,7.109375,8.28125,7.171875],"texture":"#0","tintindex":0},"up":{"uv":[8.53125,7.109375,8.28125,7.0625],"texture":"#0","tintindex":0},"south":{"uv":[8.578125,7.109375,8.828125,7.171875],"texture":"#0","tintindex":0},"down":{"uv":[8.78125,7.0625,8.53125,7.109375],"texture":"#0","tintindex":0},"north":{"uv":[8.28125,7.109375,8.53125,7.171875],"texture":"#0","tintindex":0}},"rotation":{"axis":"y","angle":0,"origin":[0,-4.875,-5.40625]}}]}