{"display":{"head":{"translation":[-32,32,-32],"scale":[4,4,4],"rotation":[0,180,0]}},"textures":{"0":"dmodels/battle_bus/battle_bus_texture"},"elements":[{"name":"cube210","from":[-0.21875,-0.25,-0.21875],"to":[0.21875,0.25,0.21875],"faces":{"west":{"uv":[10.84375,9.359375,10.734375,9.484375],"texture":"#0","tintindex":0},"east":{"uv":[11.0625,9.359375,10.953125,9.484375],"texture":"#0","tintindex":0},"up":{"uv":[10.84375,9.359375,10.953125,9.25],"texture":"#0","tintindex":0},"south":{"uv":[11.171875,9.359375,11.0625,9.484375],"texture":"#0","tintindex":0},"down":{"uv":[10.953125,9.25,11.0625,9.359375],"texture":"#0","tintindex":0},"north":{"uv":[10.953125,9.359375,10.84375,9.484375],"texture":"#0","tintindex":0}},"rotation":{"axis":"y","angle":0,"origin":[-0.34375,-4.625,-0.40625]}}]}