{"display":{"head":{"translation":[-32,32,-32],"scale":[4,4,4],"rotation":[0,180,0]}},"textures":{"0":"dmodels/battle_bus/battle_bus_texture"},"elements":[{"name":"cube152","from":[-0.0625,-0.0625,-0.1875],"to":[0.0625,0.0625,0.1875],"faces":{"west":{"uv":[5.921875,0.09375,6.015625,0.125],"texture":"#0","tintindex":0},"east":{"uv":[5.796875,0.09375,5.890625,0.125],"texture":"#0","tintindex":0},"up":{"uv":[5.921875,0.09375,5.890625,0],"texture":"#0","tintindex":0},"south":{"uv":[6.015625,0.09375,6.046875,0.125],"texture":"#0","tintindex":0},"down":{"uv":[5.953125,0,5.921875,0.09375],"texture":"#0","tintindex":0},"north":{"uv":[5.890625,0.09375,5.921875,0.125],"texture":"#0","tintindex":0}},"rotation":{"axis":"y","angle":0,"origin":[1.90625,-5.046875,-9.0125]}}]}