{"display":{"head":{"translation":[-32,32,-32],"scale":[4,4,4],"rotation":[0,180,0]}},"textures":{"0":"dmodels/battle_bus/battle_bus_texture"},"elements":[{"name":"cube86","from":[-0.06249999999999978,-0.15625,-0.0625],"to":[0.06250000000000022,0.15625,0.0625],"faces":{"west":{"uv":[2.3125,0.171875,2.34375,0.25],"texture":"#0","tintindex":0},"east":{"uv":[2.25,0.171875,2.28125,0.25],"texture":"#0","tintindex":0},"up":{"uv":[2.3125,0.171875,2.28125,0.140625],"texture":"#0","tintindex":0},"south":{"uv":[2.34375,0.171875,2.375,0.25],"texture":"#0","tintindex":0},"down":{"uv":[2.34375,0.140625,2.3125,0.171875],"texture":"#0","tintindex":0},"north":{"uv":[2.28125,0.171875,2.3125,0.25],"texture":"#0","tintindex":0}},"rotation":{"axis":"y","angle":0,"origin":[1.5479081984570753,-1.40625,3.6253186694699617]}}]}